{"assets/icons/dark_icon.png":["assets/icons/dark_icon.png"],"assets/icons/launcher/from_suwayomi.png":["assets/icons/launcher/from_suwayomi.png"],"assets/icons/launcher/ios_sorayomi_icon.png":["assets/icons/launcher/ios_sorayomi_icon.png"],"assets/icons/launcher/sorayomi_icon.ico":["assets/icons/launcher/sorayomi_icon.ico"],"assets/icons/launcher/sorayomi_icon.png":["assets/icons/launcher/sorayomi_icon.png"],"assets/icons/launcher/sorayomi_preview_icon.png":["assets/icons/launcher/sorayomi_preview_icon.png"],"assets/icons/light_icon.png":["assets/icons/light_icon.png"],"assets/icons/previous_done.png":["assets/icons/previous_done.png"],"packages/cupertino_icons/assets/CupertinoIcons.ttf":["packages/cupertino_icons/assets/CupertinoIcons.ttf"],"packages/fluttertoast/assets/toastify.css":["packages/fluttertoast/assets/toastify.css"],"packages/fluttertoast/assets/toastify.js":["packages/fluttertoast/assets/toastify.js"],"packages/font_awesome_flutter/lib/fonts/fa-brands-400.ttf":["packages/font_awesome_flutter/lib/fonts/fa-brands-400.ttf"],"packages/font_awesome_flutter/lib/fonts/fa-regular-400.ttf":["packages/font_awesome_flutter/lib/fonts/fa-regular-400.ttf"],"packages/font_awesome_flutter/lib/fonts/fa-solid-900.ttf":["packages/font_awesome_flutter/lib/fonts/fa-solid-900.ttf"]}